<object-stream>
  <com.example.ca2auction.DataStructures.linkedlistBoys>
    <head>
      <next>
        <contents class="com.example.ca2auction.DataTypes.auctionLot">
          <name>Vintage Rolex</name>
          <description>Watch, 18ct gold</description>
          <type>Apparel</type>
          <origindate>1950</origindate>
          <askingprice>10000</askingprice>
        </contents>
        <outer-class reference="../../.."/>
      </next>
      <contents class="com.example.ca2auction.DataTypes.auctionLot">
        <name>Vintage Necklace</name>
        <description>Watch, 18ct gold</description>
        <type>Apparel</type>
        <origindate>1950</origindate>
        <askingprice>10000</askingprice>
      </contents>
      <outer-class reference="../.."/>
    </head>
  </com.example.ca2auction.DataStructures.linkedlistBoys>
</object-stream>